StartDate,EndDate,Status,Progress,Duration (in seconds),Finished,RecordedDate,ResponseId,RecipientLastName,RecipientFirstName,RecipientEmail,ExternalReference,DistributionChannel,UserLanguage,Q_RecaptchaScore,Q2,Q3,Q4,Q5,Q6#1_1,Q6#1_2,Q6#1_3,Q6#1_4,Q6#1_5,Q6#1_6,Q6#1_7,Q6#1_8,Q6#2_1,Q6#2_2,Q6#2_3,Q6#2_4,Q6#2_5,Q6#2_6,Q6#2_7,Q6#2_8,Q6#3_1,Q6#3_2,Q6#3_3,Q6#3_4,Q6#3_5,Q6#3_6,Q6#3_7,Q6#3_8,Q7#1_1,Q7#1_2,Q7#1_3,Q7#1_4,Q7#1_5,Q7#1_6,Q7#2_1,Q7#2_2,Q7#2_3,Q7#2_4,Q7#2_5,Q7#2_6,Q7#3_1,Q7#3_2,Q7#3_3,Q7#3_4,Q7#3_5,Q7#3_6,Q8#1_1,Q8#1_2,Q8#1_3,Q8#1_4,Q8#2_1,Q8#2_2,Q8#2_3,Q8#2_4,Q8#3_1,Q8#3_2,Q8#3_3,Q8#3_4,Q9#1_1,Q9#1_2,Q9#1_3,Q9#2_1,Q9#2_2,Q9#2_3,Q9#3_1,Q9#3_2,Q9#3_3,Q10,Q11
Start Date,End Date,Response Type,Progress,Duration (in seconds),Finished,Recorded Date,Response ID,Recipient Last Name,Recipient First Name,Recipient Email,External Data Reference,Distribution Channel,User Language,Q_RecaptchaScore,"What is your current job title?

Developer, Researcher, ... (For students, please indicate the degree: PhD student, Master)",What is your overal work/research experience with Deep Reinforcement Learning (DRL)?,"Which programming languages have you been using to develope DRL applications?

C/C++, Java, Python, ...","Which frameworks have you been using to develope DRL applications?

Tensorflow, keras, PyTorch, Keras-rl, Python-rl, ...","Have you ever encountered challenges related to DRL basic knowledge? - Q6#1 - Comprehension

Challenges in basic knowledge of DRL, such as the needed components in the DRL application.</span","Have you ever encountered challenges related to DRL basic knowledge? - Q6#1 - Reward

Challenges in engineering/configuring reward functions","Have you ever encountered challenges related to DRL basic knowledge? - Q6#1 - Action

Challenges in defining action of DRL algorithm","Have you ever encountered challenges related to DRL basic knowledge? - Q6#1 - Environment

Challenges in customizing environments.","Have you ever encountered challenges related to DRL basic knowledge? - Q6#1 - Hyperparameters

Challenges in identifying/tuning hyperparameters in DRL application like exploration issues, learning rate, Epsilon decay, etc.","Have you ever encountered challenges related to DRL basic knowledge? - Q6#1 - Design problem

Challenges in designing a DRL algorithm for a new problem","Have you ever encountered challenges related to DRL basic knowledge? - Q6#1 - Policy

Challenges in defining and configuring Policy of DRL algorithm.","Have you ever encountered challenges related to DRL basic knowledge? - Q6#1 - State/Observation

Challenges in handling states and/or observations","Have you ever encountered challenges related to DRL basic knowledge? - How severe was the challenge/issue - Comprehension

Challenges in basic knowledge of DRL, such as the needed components in the DRL application.</span","Have you ever encountered challenges related to DRL basic knowledge? - How severe was the challenge/issue - Reward

Challenges in engineering/configuring reward functions","Have you ever encountered challenges related to DRL basic knowledge? - How severe was the challenge/issue - Action

Challenges in defining action of DRL algorithm","Have you ever encountered challenges related to DRL basic knowledge? - How severe was the challenge/issue - Environment

Challenges in customizing environments.","Have you ever encountered challenges related to DRL basic knowledge? - How severe was the challenge/issue - Hyperparameters

Challenges in identifying/tuning hyperparameters in DRL application like exploration issues, learning rate, Epsilon decay, etc.","Have you ever encountered challenges related to DRL basic knowledge? - How severe was the challenge/issue - Design problem

Challenges in designing a DRL algorithm for a new problem","Have you ever encountered challenges related to DRL basic knowledge? - How severe was the challenge/issue - Policy

Challenges in defining and configuring Policy of DRL algorithm.","Have you ever encountered challenges related to DRL basic knowledge? - How severe was the challenge/issue - State/Observation

Challenges in handling states and/or observations","Have you ever encountered challenges related to DRL basic knowledge? - How much effort was required to handle this challenge/issue - Comprehension

Challenges in basic knowledge of DRL, such as the needed components in the DRL application.</span","Have you ever encountered challenges related to DRL basic knowledge? - How much effort was required to handle this challenge/issue - Reward

Challenges in engineering/configuring reward functions","Have you ever encountered challenges related to DRL basic knowledge? - How much effort was required to handle this challenge/issue - Action

Challenges in defining action of DRL algorithm","Have you ever encountered challenges related to DRL basic knowledge? - How much effort was required to handle this challenge/issue - Environment

Challenges in customizing environments.","Have you ever encountered challenges related to DRL basic knowledge? - How much effort was required to handle this challenge/issue - Hyperparameters

Challenges in identifying/tuning hyperparameters in DRL application like exploration issues, learning rate, Epsilon decay, etc.","Have you ever encountered challenges related to DRL basic knowledge? - How much effort was required to handle this challenge/issue - Design problem

Challenges in designing a DRL algorithm for a new problem","Have you ever encountered challenges related to DRL basic knowledge? - How much effort was required to handle this challenge/issue - Policy

Challenges in defining and configuring Policy of DRL algorithm.","Have you ever encountered challenges related to DRL basic knowledge? - How much effort was required to handle this challenge/issue - State/Observation

Challenges in handling states and/or observations","Have you ever encountered challenges related to DRL library/framework usage? - Q7#1 - Installation

Challenges regarding installing/uninstalling relevant libraries/frameworks and issues which can be raised during installation.","Have you ever encountered challenges related to DRL library/framework usage? - Q7#1 - Depenedency

challenges regarding mismatched versions of installed libraries. For example, when the version of installed openai-gym is not compatible with Python.","Have you ever encountered challenges related to DRL library/framework usage? - Q7#1 - API usage

Challenges about the usage of arguments, attributes, methods, etc. of the DRL framework's API.","Have you ever encountered challenges related to DRL library/framework usage? - Q7#1 - Documentation

When people want to use a feature of an DRL library/framework, but there is no documentation about it.","Have you ever encountered challenges related to DRL library/framework usage? - Q7#1 - Bugs inside framworks

Challenges which are related to the identified bugs inside DRL framework.","Have you ever encountered challenges related to DRL library/framework usage? - Q7#1 - Best fitted library for a special task

When the developer is unsure about the best DRL library/framework for a special DRL algorithm/task .","Have you ever encountered challenges related to DRL library/framework usage? - How severe was the challenge/issue - Installation

Challenges regarding installing/uninstalling relevant libraries/frameworks and issues which can be raised during installation.","Have you ever encountered challenges related to DRL library/framework usage? - How severe was the challenge/issue - Depenedency

challenges regarding mismatched versions of installed libraries. For example, when the version of installed openai-gym is not compatible with Python.","Have you ever encountered challenges related to DRL library/framework usage? - How severe was the challenge/issue - API usage

Challenges about the usage of arguments, attributes, methods, etc. of the DRL framework's API.","Have you ever encountered challenges related to DRL library/framework usage? - How severe was the challenge/issue - Documentation

When people want to use a feature of an DRL library/framework, but there is no documentation about it.","Have you ever encountered challenges related to DRL library/framework usage? - How severe was the challenge/issue - Bugs inside framworks

Challenges which are related to the identified bugs inside DRL framework.","Have you ever encountered challenges related to DRL library/framework usage? - How severe was the challenge/issue - Best fitted library for a special task

When the developer is unsure about the best DRL library/framework for a special DRL algorithm/task .","Have you ever encountered challenges related to DRL library/framework usage? - How much effort was required to handle this challenge/issue - Installation

Challenges regarding installing/uninstalling relevant libraries/frameworks and issues which can be raised during installation.","Have you ever encountered challenges related to DRL library/framework usage? - How much effort was required to handle this challenge/issue - Depenedency

challenges regarding mismatched versions of installed libraries. For example, when the version of installed openai-gym is not compatible with Python.","Have you ever encountered challenges related to DRL library/framework usage? - How much effort was required to handle this challenge/issue - API usage

Challenges about the usage of arguments, attributes, methods, etc. of the DRL framework's API.","Have you ever encountered challenges related to DRL library/framework usage? - How much effort was required to handle this challenge/issue - Documentation

When people want to use a feature of an DRL library/framework, but there is no documentation about it.","Have you ever encountered challenges related to DRL library/framework usage? - How much effort was required to handle this challenge/issue - Bugs inside framworks

Challenges which are related to the identified bugs inside DRL framework.","Have you ever encountered challenges related to DRL library/framework usage? - How much effort was required to handle this challenge/issue - Best fitted library for a special task

When the developer is unsure about the best DRL library/framework for a special DRL algorithm/task .","Have you ever encountered challenges related to parallel processing & multi-threading? - Q8#1 - GPU usage

Challenges regarding utilizing GPU for running DRL applications","Have you ever encountered challenges related to parallel processing & multi-threading? - Q8#1 - Multi-threading

Challenges about running DRL applications as a multi-threading software","Have you ever encountered challenges related to parallel processing & multi-threading? - Q8#1 - Multi-processing

Challenges in running DRL applications in a multi-processing maner.","Have you ever encountered challenges related to parallel processing & multi-threading? - Q8#1 - Distributed systems

Challenges in running DRL applications as a distributed systems.","Have you ever encountered challenges related to parallel processing & multi-threading? - How severe was the challenge/issue - GPU usage

Challenges regarding utilizing GPU for running DRL applications","Have you ever encountered challenges related to parallel processing & multi-threading? - How severe was the challenge/issue - Multi-threading

Challenges about running DRL applications as a multi-threading software","Have you ever encountered challenges related to parallel processing & multi-threading? - How severe was the challenge/issue - Multi-processing

Challenges in running DRL applications in a multi-processing maner.","Have you ever encountered challenges related to parallel processing & multi-threading? - How severe was the challenge/issue - Distributed systems

Challenges in running DRL applications as a distributed systems.","Have you ever encountered challenges related to parallel processing & multi-threading? - How much effort was required to handle this challenge/issue - GPU usage

Challenges regarding utilizing GPU for running DRL applications","Have you ever encountered challenges related to parallel processing & multi-threading? - How much effort was required to handle this challenge/issue - Multi-threading

Challenges about running DRL applications as a multi-threading software","Have you ever encountered challenges related to parallel processing & multi-threading? - How much effort was required to handle this challenge/issue - Multi-processing

Challenges in running DRL applications in a multi-processing maner.","Have you ever encountered challenges related to parallel processing & multi-threading? - How much effort was required to handle this challenge/issue - Distributed systems

Challenges in running DRL applications as a distributed systems.","Have you ever encountered challenges related to DL knowledge? - Q9#1 - Model

Challenges regarding DL model including model's layer, activation function, load/save model, etc.","Have you ever encountered challenges related to DL knowledge? - Q9#1 - Data preprocessing

Challenges in preparing data to train the DL model with.","Have you ever encountered challenges related to DL knowledge? - Q9#1 - DL framework

Challenges about usage of DL frameworks in DRL applications.","Have you ever encountered challenges related to DL knowledge? - How severe was the challenge/issue - Model

Challenges regarding DL model including model's layer, activation function, load/save model, etc.","Have you ever encountered challenges related to DL knowledge? - How severe was the challenge/issue - Data preprocessing

Challenges in preparing data to train the DL model with.","Have you ever encountered challenges related to DL knowledge? - How severe was the challenge/issue - DL framework

Challenges about usage of DL frameworks in DRL applications.","Have you ever encountered challenges related to DL knowledge? - How much effort was required to handle this challenge/issue - Model

Challenges regarding DL model including model's layer, activation function, load/save model, etc.","Have you ever encountered challenges related to DL knowledge? - How much effort was required to handle this challenge/issue - Data preprocessing

Challenges in preparing data to train the DL model with.","Have you ever encountered challenges related to DL knowledge? - How much effort was required to handle this challenge/issue - DL framework

Challenges about usage of DL frameworks in DRL applications.","Have you ever encountered any challenges/issues related to DRL that have not been mentioned in this survey? If yes, could you please describe them?",Any other comments:
"{""ImportId"":""startDate"",""timeZone"":""America/New_York""}","{""ImportId"":""endDate"",""timeZone"":""America/New_York""}","{""ImportId"":""status""}","{""ImportId"":""progress""}","{""ImportId"":""duration""}","{""ImportId"":""finished""}","{""ImportId"":""recordedDate"",""timeZone"":""America/New_York""}","{""ImportId"":""_recordId""}","{""ImportId"":""recipientLastName""}","{""ImportId"":""recipientFirstName""}","{""ImportId"":""recipientEmail""}","{""ImportId"":""externalDataReference""}","{""ImportId"":""distributionChannel""}","{""ImportId"":""userLanguage""}","{""ImportId"":""Q_RecaptchaScore""}","{""ImportId"":""QID2_TEXT""}","{""ImportId"":""QID3""}","{""ImportId"":""QID4_TEXT""}","{""ImportId"":""QID5_TEXT""}","{""ImportId"":""QID12#1_1""}","{""ImportId"":""QID12#1_2""}","{""ImportId"":""QID12#1_3""}","{""ImportId"":""QID12#1_4""}","{""ImportId"":""QID12#1_5""}","{""ImportId"":""QID12#1_6""}","{""ImportId"":""QID12#1_7""}","{""ImportId"":""QID12#1_8""}","{""ImportId"":""QID12#2_1""}","{""ImportId"":""QID12#2_2""}","{""ImportId"":""QID12#2_3""}","{""ImportId"":""QID12#2_4""}","{""ImportId"":""QID12#2_5""}","{""ImportId"":""QID12#2_6""}","{""ImportId"":""QID12#2_7""}","{""ImportId"":""QID12#2_8""}","{""ImportId"":""QID12#3_1""}","{""ImportId"":""QID12#3_2""}","{""ImportId"":""QID12#3_3""}","{""ImportId"":""QID12#3_4""}","{""ImportId"":""QID12#3_5""}","{""ImportId"":""QID12#3_6""}","{""ImportId"":""QID12#3_7""}","{""ImportId"":""QID12#3_8""}","{""ImportId"":""QID14#1_1""}","{""ImportId"":""QID14#1_2""}","{""ImportId"":""QID14#1_3""}","{""ImportId"":""QID14#1_4""}","{""ImportId"":""QID14#1_5""}","{""ImportId"":""QID14#1_6""}","{""ImportId"":""QID14#2_1""}","{""ImportId"":""QID14#2_2""}","{""ImportId"":""QID14#2_3""}","{""ImportId"":""QID14#2_4""}","{""ImportId"":""QID14#2_5""}","{""ImportId"":""QID14#2_6""}","{""ImportId"":""QID14#3_1""}","{""ImportId"":""QID14#3_2""}","{""ImportId"":""QID14#3_3""}","{""ImportId"":""QID14#3_4""}","{""ImportId"":""QID14#3_5""}","{""ImportId"":""QID14#3_6""}","{""ImportId"":""QID15#1_1""}","{""ImportId"":""QID15#1_2""}","{""ImportId"":""QID15#1_3""}","{""ImportId"":""QID15#1_4""}","{""ImportId"":""QID15#2_1""}","{""ImportId"":""QID15#2_2""}","{""ImportId"":""QID15#2_3""}","{""ImportId"":""QID15#2_4""}","{""ImportId"":""QID15#3_1""}","{""ImportId"":""QID15#3_2""}","{""ImportId"":""QID15#3_3""}","{""ImportId"":""QID15#3_4""}","{""ImportId"":""QID16#1_1""}","{""ImportId"":""QID16#1_2""}","{""ImportId"":""QID16#1_3""}","{""ImportId"":""QID16#2_1""}","{""ImportId"":""QID16#2_2""}","{""ImportId"":""QID16#2_3""}","{""ImportId"":""QID16#3_1""}","{""ImportId"":""QID16#3_2""}","{""ImportId"":""QID16#3_3""}","{""ImportId"":""QID18_TEXT""}","{""ImportId"":""QID19_TEXT""}"
4/21/2023 11:30,4/21/2023 11:33,IP Address,100,180,TRUE,4/21/2023 11:33,,,,,,anonymous,EN,1,Developer/Researcher,more than 5 years,C++ / Python,PyTorch/ Tensorflow,No,Yes,Yes,Yes,Yes,Yes,Yes,Yes,Minor,Major,Critical,Minor,Minor,Critical,Major,Critical,Low,High,High,Medium,Low,High,Medium,High,No,No,No,No,Yes,Yes,Minor,Minor,Minor,Minor,Major,Minor,Low,Low,Low,Low,Medium,Low,No,No,No,No,Minor,Minor,Minor,Minor,Low,Low,Low,Low,No,No,No,Minor,Minor,Minor,Low,Low,Low,,
4/21/2023 11:57,4/21/2023 12:02,IP Address,100,261,TRUE,4/21/2023 12:02,,,,,,anonymous,EN,0.899999976,Assistant professor,more than 5 years,python,"torch, tensorflow, keras",No,Yes,Yes,Yes,Yes,Yes,No,Yes,Minor,Critical,Minor,Major,Minor,Major,Minor,Major,Low,High,Low,High,Low,High,Low,Medium,No,Yes,Yes,Yes,No,No,Minor,Major,Major,Critical,Minor,Minor,Low,Medium,High,High,Low,Low,Yes,No,No,No,Major,Minor,Minor,Minor,Medium,Low,Low,Low,Yes,Yes,No,Minor,Major,Minor,Low,Medium,Low,"How to optimize models to run in GPUs, and when this is best. 

We have found that sometimes CPUs run RL code faster than GPU, and we were uncertain as to why this was happening.",
4/21/2023 11:46,4/21/2023 12:02,IP Address,100,967,TRUE,4/21/2023 12:02,,,,,,anonymous,EN,0.800000012,PhD Student,1-3 years,Python,"PyTorch
Stable-baselines3
RLlib",No,No,No,Yes,Yes,Yes,No,No,Minor,Minor,Minor,Major,Minor,Major,Minor,Minor,Low,Low,Low,Medium,Low,Medium,Low,Low,No,Yes,Yes,No,Yes,No,Minor,Critical,Minor,Minor,Minor,Minor,Low,Medium,Low,Low,Medium,Low,No,No,Yes,Yes,Minor,Minor,Minor,Minor,Low,Low,High,High,No,No,No,Minor,Minor,Minor,Low,Low,Low,,"As mentioned in the dependency section, the most frustrating part of working with RL currently is all the breaking API changes. Especially with gym(nasium) consistently changing their API it effects all the downstream libraries."
4/21/2023 12:54,4/21/2023 12:59,IP Address,100,306,TRUE,4/21/2023 12:59,,,,,,anonymous,EN,0.200000003,PhD Student | Tech Manager & Senior Software Developer,1-3 years,Python,"Tensorflow, Keras and PyTorch",Yes,Yes,Yes,Yes,Yes,Yes,Yes,Yes,Major,Critical,Minor,Critical,Major,Major,Critical,Critical,High,High,Medium,High,High,High,High,High,No,Yes,Yes,Yes,No,Yes,Minor,Minor,Minor,Critical,Minor,Major,Low,Medium,Medium,High,Low,High,No,No,No,No,Minor,Minor,Minor,Minor,Low,Low,Low,Low,Yes,Yes,Yes,Major,Major,Major,High,High,High,,I didn't use parallel processing & multi-threading in my DRL research...
4/21/2023 18:38,4/21/2023 18:41,IP Address,100,191,TRUE,4/21/2023 18:41,,,,,,anonymous,EN,0.899999976,Machine Learning Engineer,3-5 years,Python,"Tensorflow, Pytorch",Yes,Yes,Yes,Yes,No,Yes,Yes,Yes,Critical,Critical,Critical,Critical,Minor,Critical,Critical,Critical,Medium,High,High,High,Low,High,High,High,No,No,Yes,Yes,Yes,Yes,Minor,Minor,Critical,Critical,Critical,Major,Low,Low,High,High,High,High,No,Yes,Yes,Yes,Major,Critical,Critical,Critical,Medium,High,High,High,No,No,No,Minor,Major,Minor,Medium,Low,Low,,
4/22/2023 7:13,4/22/2023 7:23,IP Address,100,603,TRUE,4/22/2023 7:23,,,,,,anonymous,EN,,Research,1-3 years,Python,PyTorch,No,Yes,Yes,Yes,Yes,Yes,No,No,Minor,Major,Major,Major,Major,Major,Major,Major,Low,Medium,Medium,Medium,Medium,Medium,Medium,Medium,No,No,No,No,Yes,Yes,Minor,Minor,Minor,Major,Major,Major,Low,Low,Low,Medium,Medium,Medium,No,Yes,Yes,Yes,Minor,Major,Major,Major,Low,Medium,Medium,Medium,No,No,No,Major,Major,Major,Medium,Medium,Medium,,
4/22/2023 7:20,4/22/2023 7:25,IP Address,100,318,TRUE,4/22/2023 7:25,,,,,,anonymous,EN,1, PhD student,3-5 years,Python,PyTorch,Yes,No,No,No,Yes,No,No,No,Major,Minor,Minor,Minor,Major,Minor,Minor,Minor,High,Low,Low,Low,Medium,Low,Low,Low,Yes,Yes,No,Yes,No,Yes,Minor,Minor,Minor,Minor,Minor,Major,Medium,Low,Low,Low,Low,High,Yes,Yes,Yes,Yes,Major,Major,Major,Major,Medium,Medium,Medium,Medium,Yes,Yes,No,Major,Major,Minor,Medium,Low,Low,,
4/22/2023 8:04,4/22/2023 8:09,IP Address,100,304,TRUE,4/22/2023 8:09,,,,,,anonymous,EN,1,ML Research Engineer,3-5 years,Python,"PyTorch, Ray + RLlib, OpenAI baselines, Unity ML-agents",No,Yes,Yes,Yes,Yes,Yes,Yes,Yes,Minor,Major,Minor,Critical,Minor,Critical,Minor,Minor,Low,Medium,Low,High,Low,Medium,Low,Low,No,Yes,No,Yes,Yes,No,Minor,Minor,Minor,Minor,Minor,Minor,Low,Low,Low,Low,Low,Low,Yes,No,Yes,Yes,Minor,Minor,Major,Minor,Low,Low,Medium,Low,No,No,No,Minor,Minor,Minor,Low,Low,Low,,
4/22/2023 8:10,4/22/2023 8:13,IP Address,100,193,TRUE,4/22/2023 8:13,,,,,,anonymous,EN,0.699999988,Software Engineer,more than 5 years,"C++, Python","Tensorflow, Keras",No,Yes,No,Yes,Yes,No,No,Yes,Minor,Major,Minor,Major,Critical,Minor,Minor,Major,Low,High,Low,Medium,High,Low,Low,Medium,No,No,No,No,No,No,Minor,Minor,Minor,Minor,Minor,Minor,Low,Low,Low,Low,Low,Low,No,No,No,No,Minor,Minor,Major,Major,Low,Low,Low,Medium,No,Yes,No,Minor,Major,Minor,Low,Low,Low,,
4/22/2023 11:19,4/22/2023 11:23,IP Address,100,246,TRUE,4/22/2023 11:23,,,,,,anonymous,EN,0.899999976,Senior Data Scientist,Less than 1 year,Python,keras-rl,Yes,Yes,Yes,Yes,Yes,Yes,Yes,Yes,Minor,Major,Minor,Critical,Major,Critical,Major,Major,Medium,Medium,Low,Medium,Medium,Medium,Medium,Medium,No,No,No,No,No,No,Minor,Minor,Minor,Minor,Minor,Minor,Low,Low,Low,Low,Low,Low,No,No,No,No,Minor,Minor,Minor,Minor,Low,Low,Low,Low,Yes,No,No,Major,Minor,Minor,Medium,Low,Low,no other challenges/issues encountered,
4/22/2023 13:59,4/22/2023 14:17,IP Address,100,1054,TRUE,4/22/2023 14:17,,,,,,anonymous,EN,1,Research Scientist,3-5 years,"Mostly python, some C++","pytorch, jax, haiku, acme, other proprietary frameworks",No,Yes,Yes,Yes,Yes,Yes,Yes,Yes,Minor,Critical,Major,Major,Minor,Minor,Minor,Major,Low,High,Medium,Medium,Low,Low,Low,Medium,No,Yes,No,Yes,Yes,Yes,Minor,Minor,Minor,Minor,Minor,Minor,Low,Low,Low,Low,Low,Low,Yes,Yes,Yes,Yes,Minor,Minor,Minor,Minor,Low,Low,Low,Low,No,No,Yes,Minor,Minor,Minor,Low,Low,Low,"'- Lack of active exploration capabilities in most DRL algorithms, beside random exploration which is not enough for some domains. (thus this does not fit the existing ""Hyperparameters Tuning"" category even though it mentions exploration, since no amount of tuning the epsilon decay or gaussian noise would fix the issue)
- sim 2 real gap for applied DRL.I guess this kind of falls into the reward/environment categories, but sometimes the world is too complex/slow to be efficiently AND accurately approximated anyway, so robustness/transfer is required
- difficulty in interpreting the logs and diagnosing which part of all the RL machinery is broken (reward training? value training? policy training? representation? exploration? something else?)",RL is hard! :)
4/22/2023 15:26,4/22/2023 15:35,IP Address,100,507,TRUE,4/22/2023 15:35,,,,,,anonymous,EN,1,"Master, Machine learning engineer",1-3 years,Python,Pytorch,No,Yes,Yes,Yes,Yes,Yes,Yes,Yes,Minor,Minor,Minor,Minor,Minor,Minor,Minor,Minor,Low,Low,Low,Low,Low,Low,Low,Low,No,No,No,No,No,No,Minor,Minor,Minor,Minor,Minor,Minor,Low,Low,Low,Low,Low,Low,Yes,Yes,Yes,Yes,Major,Major,Major,Major,Medium,Medium,Medium,Medium,Yes,Yes,Yes,Minor,Minor,Minor,Low,Low,Low,,
4/22/2023 17:25,4/22/2023 17:28,IP Address,100,199,TRUE,4/22/2023 17:28,,,,,,anonymous,EN,1,Master,Less than 1 year,"Python, C++","Tensorflow, Keras, PyTorch",Yes,Yes,Yes,Yes,No,Yes,Yes,Yes,Major,Major,Critical,Minor,Minor,Major,Major,Major,High,Medium,High,Low,Low,Medium,Medium,Medium,Yes,Yes,Yes,Yes,Yes,Yes,Major,Critical,Critical,Major,Major,Major,Medium,High,High,Medium,High,Medium,Yes,Yes,Yes,Yes,Major,Minor,Major,Critical,Medium,Low,Medium,High,Yes,Yes,Yes,Major,Major,Major,High,Medium,Medium,,
4/22/2023 19:05,4/22/2023 19:16,IP Address,100,672,TRUE,4/22/2023 19:16,,,,,,anonymous,EN,0.899999976,Master,1-3 years,Python and C++,"PyTorch, TensorFlow, Keras, Cherry-RL",No,Yes,No,Yes,Yes,Yes,Yes,Yes,Minor,Critical,Minor,Major,Critical,Major,Major,Minor,Low,High,Low,Medium,High,Medium,Medium,Low,No,No,No,No,No,Yes,Minor,Minor,Minor,Minor,Minor,Minor,Low,Low,Low,Low,Low,Medium,No,Yes,Yes,No,Minor,Major,Major,Minor,Low,Medium,Medium,Low,No,Yes,No,Minor,Major,Minor,Low,Medium,Low,,
4/22/2023 19:40,4/22/2023 19:45,IP Address,100,329,TRUE,4/22/2023 19:45,,,,,,anonymous,EN,1,Local Agent of Innovation ,3-5 years,"Python, Javascript ",Mostly keras-rl,No,No,Yes,Yes,No,Yes,Yes,No,Minor,Minor,Minor,Major,Minor,Minor,Critical,Minor,Low,Low,Medium,High,Low,Low,High,Low,No,No,No,No,Yes,Yes,Minor,Minor,Minor,Minor,Critical,Major,Low,Low,Low,Low,High,High,Yes,Yes,No,No,Minor,Major,Minor,Minor,Medium,Low,Low,Low,No,No,Yes,Minor,Minor,Minor,Low,Low,Low,,
4/22/2023 20:09,4/22/2023 20:47,IP Address,100,2302,TRUE,4/22/2023 20:47,,,,,,anonymous,EN,1,Master,Less than 1 year,Python,Stable Baselines,Yes,Yes,No,No,Yes,No,No,No,Minor,Major,Minor,Minor,Major,Minor,Minor,Minor,Medium,High,Low,Low,Low,Low,Low,Low,No,No,Yes,Yes,No,Yes,Minor,Minor,Major,Minor,Minor,Minor,Low,Low,High,Low,Low,Low,No,No,No,No,Minor,Minor,Minor,Minor,Low,Low,Low,Low,No,No,No,Minor,Minor,Minor,Low,Low,Low,,"While there are many tutorials to start working on RL, a few issues are shared between many.

1. Diversity- researchers use RL in different domain. However, many tutorials cover the RL for a very specific domain/application. For example, many tutorials use Cart Pole as their example. But, different researchers might like to see more serious examples related to their field.

2. Hands-on- Broadly speaking, machine learning and deep learning tutorials are distinguished between two themes: 1. Research-based and 2. development-based. Tutorials from category one cover a wide range of background that is needed to learn ML/DeepL in depth. The second category focuses on teaching how to use the existing techniques without having to learn the mathematical background. Doing so, they help their audience spend their time only as much as required for their purpose. However, many RL tutorials combine some background knowledge with hands-on, which often leads to these two undesirable situations: 1- they cover none of the background and hands-on in depth and with variety 2- audiences have to spend a lot of time to read things that may not be necessary for their purpose
"
4/22/2023 22:48,4/22/2023 22:55,IP Address,100,453,TRUE,4/22/2023 22:55,,,,,,anonymous,EN,1,"Unemployed, but I guess self-employed researcher",1-3 years,Python,"PyTorch, stable-baselines",Yes,Yes,Yes,Yes,Yes,Yes,Yes,Yes,Major,Major,Critical,Critical,Critical,Minor,Major,Major,Medium,High,High,High,High,Low,Low,Medium,Yes,Yes,Yes,No,No,No,Critical,Critical,Minor,Minor,Critical,Major,High,Medium,Medium,Low,Low,Medium,Yes,No,Yes,No,Major,Major,Major,Major,Medium,Medium,Medium,Medium,No,No,No,Minor,Major,Minor,Low,Medium,Medium,,"I focus on application of DRL algorithms and biggest usage of time is figuring out the ""optimal"" way to create a customized environment, how to represent the state-action space, and how to describe non-sparse rewards such that the agent learns a behaviour that is aligned with the objective."
4/23/2023 2:50,4/23/2023 2:59,IP Address,100,595,TRUE,4/23/2023 2:59,,,,,,anonymous,EN,1,Developer,3-5 years,"C++, Python","Mainly PyTorch. Used all the others but they're either too high level of abstraction where you're not really doing anything intelligent (i.e. PyTorchLightning), or if they are a bit closer to the metal, they're just not as convenient as PyTorch ",No,Yes,No,No,Yes,Yes,Yes,Yes,Minor,Minor,Minor,Minor,Minor,Minor,Minor,Minor,Low,Low,Low,Low,Low,Low,Low,Medium,No,No,Yes,No,Yes,No,Minor,Minor,Minor,Minor,Critical,Minor,Low,Low,Medium,Low,High,Low,Yes,Yes,Yes,Yes,Minor,Minor,Minor,Major,Low,Low,Low,Low,No,No,No,Minor,Minor,Minor,Low,Low,Low,"Default parameters used in common libraries are just wrong so comparing evaluations by default results in inaccuracies that authors don't report , OR authors paper conflicts with his code and now there's 2 ""valid"" implementations floating around of this model, the one they released, and the one they discussed in the paper, and they can sometimes be hugely different in terms of implications, even though they both achieve similar results usually.","Authors of RL papers deliberately make their math obtusely confusing when the entire mathematical framework for RL has been generalized for decades, this makes papers harder to follow but they think it makes them sound smart.

other comments: why would you make the survey like this lol it's so unnecessarily confusing, if I answer no I still have given answers to the other questions? this isn't that hard come on now."
4/23/2023 3:45,4/23/2023 3:55,IP Address,100,609,TRUE,4/23/2023 3:55,,,,,,anonymous,EN,0.699999988,PhD Candidate,more than 5 years,Python,"PyTorch, Keras",Yes,Yes,No,Yes,No,Yes,Yes,Yes,Major,Major,Minor,Critical,Minor,Critical,Major,Major,Medium,Medium,Low,High,Low,High,Low,Low,No,No,No,No,No,Yes,Minor,Minor,Minor,Major,Minor,Major,Low,Low,Low,Low,Low,Medium,Yes,Yes,Yes,Yes,Minor,Minor,Critical,Major,Low,Low,Medium,Medium,Yes,Yes,Yes,Major,Major,Major,Medium,Medium,Medium,"Practical applications such as robots or speficic device for control are important problem for RL, cause the only RL exist in book or simulation, it cannot attract more researchers and funding for RL.
So I think sim-to-real, or pre-trained model learned by RL is important for future work. ",
4/23/2023 3:56,4/23/2023 4:09,IP Address,100,750,TRUE,4/23/2023 4:09,,,,,,anonymous,EN,1,Developer and Researcher,more than 5 years,"Python, C++",Pytorch,Yes,Yes,No,No,Yes,Yes,No,Yes,Minor,Major,Minor,Minor,Major,Major,Minor,Minor,Low,Medium,Low,Low,High,Medium,Low,Low,No,Yes,No,No,No,No,Minor,Minor,Minor,Minor,Minor,Minor,Low,Low,Low,Low,Low,Low,No,No,No,No,Minor,Minor,Minor,Minor,Low,Low,Low,Low,Yes,Yes,No,Minor,Minor,Minor,Low,Low,Low,"Local optimization methods, such as stochastic gradient descent, find a local optimum. Thus, when optimising multiple times, one can obtain different solutions. Analyzing the (quality) of solutions has been a challenge. ",
4/23/2023 6:49,4/23/2023 6:54,IP Address,100,256,TRUE,4/23/2023 6:54,,,,,,anonymous,EN,1,Research Associate,1-3 years,Python,PyTorch,No,Yes,No,No,No,Yes,No,Yes,Minor,Critical,Minor,Minor,Minor,Minor,Minor,Critical,Low,High,Low,Low,Low,Low,Low,Medium,Yes,Yes,No,No,Yes,No,Minor,Minor,Minor,Minor,Minor,Minor,Low,Low,Low,Low,Medium,Low,No,No,No,No,Minor,Minor,Minor,Minor,Low,Low,Low,Low,Yes,Yes,No,Minor,Major,Minor,Medium,Medium,Low,,
4/23/2023 6:46,4/23/2023 7:01,IP Address,100,858,TRUE,4/23/2023 7:01,,,,,,anonymous,EN,0.899999976,Deep Learning practitioner,3-5 years,"Python, C++, C#","TensorFlow, Keras",Yes,No,No,Yes,Yes,Yes,No,No,Major,Minor,Minor,Critical,Minor,Major,Minor,Minor,Medium,Low,Medium,High,Low,Medium,Low,Low,Yes,Yes,No,No,No,No,Minor,Minor,Minor,Minor,Minor,Minor,Low,Low,Low,Low,Low,Low,Yes,Yes,Yes,Yes,Major,Major,Major,Critical,Medium,Medium,Medium,High,Yes,No,No,Major,Minor,Minor,Medium,Low,Low,"No, the survey covers all DRL topics well.","Thank you for contacting me to survey the DRL. 

I am learning from many excellent studies by many DRL researchers."
4/23/2023 8:17,4/23/2023 8:23,IP Address,100,358,TRUE,4/23/2023 8:23,,,,,,anonymous,EN,0.800000012,Assistant Professor,more than 5 years,Python,"Tensorflow, PyTorch, gym",No,Yes,No,Yes,Yes,Yes,No,No,Minor,Critical,Minor,Major,Major,Critical,Minor,Minor,Low,High,Low,Medium,High,High,Low,Low,No,Yes,No,Yes,Yes,Yes,Minor,Major,Minor,Minor,Minor,Major,Low,Medium,Low,Low,Low,Medium,Yes,Yes,Yes,Yes,Critical,Critical,Critical,Major,High,High,High,Medium,Yes,No,No,Minor,Minor,Minor,Low,Low,Low,,
4/23/2023 9:54,4/23/2023 10:00,IP Address,100,334,TRUE,4/23/2023 10:00,,,,,,anonymous,EN,1,"Founder, AI startup (Cloudcraftz.com)",3-5 years,Python,"Tensorflow, PyTorch, Python-rl",No,Yes,Yes,Yes,Yes,Yes,Yes,Yes,Minor,Major,Minor,Critical,Minor,Major,Minor,Major,Low,High,Medium,High,Low,High,Medium,High,Yes,Yes,Yes,Yes,Yes,Yes,Major,Major,Minor,Minor,Minor,Major,Medium,Medium,Low,Low,Low,Medium,No,No,No,No,Minor,Minor,Minor,Minor,Low,Low,Low,Low,Yes,Yes,Yes,Major,Critical,Major,Medium,High,Medium,,
4/23/2023 12:16,4/23/2023 12:22,IP Address,100,360,TRUE,4/23/2023 12:22,,,,,,anonymous,EN,1,Data Scientist ,1-3 years,Python ,"Pytorch, keras",Yes,Yes,No,Yes,Yes,Yes,Yes,Yes,Minor,Minor,Minor,Minor,Major,Major,Minor,Major,Medium,Medium,Low,Low,Medium,High,Low,Medium,No,Yes,Yes,Yes,Yes,No,Minor,Minor,Minor,Major,Major,Minor,Low,Low,Medium,Medium,Medium,Low,No,No,No,No,Minor,Minor,Minor,Minor,Low,Low,Low,Low,Yes,No,Yes,Minor,Minor,Minor,Low,Low,Low,,
4/23/2023 12:32,4/23/2023 12:43,IP Address,100,640,TRUE,4/23/2023 12:43,,,,,,anonymous,EN,0.899999976,Full-stack software engineer,1-3 years,Python,TensorFlow and PyTorch,No,Yes,No,Yes,Yes,No,Yes,Yes,Minor,Major,Minor,Critical,Major,Minor,Major,Minor,Low,High,Low,High,High,Medium,Medium,Medium,Yes,No,No,Yes,No,Yes,Minor,Minor,Minor,Major,Minor,Major,High,Low,Low,Low,Low,Medium,Yes,Yes,Yes,Yes,Major,Major,Major,Major,High,High,High,High,Yes,Yes,No,Critical,Minor,Minor,High,Low,Low,"Yes, Training - To realize when to stop training to efficient result",
4/23/2023 12:37,4/23/2023 12:45,IP Address,100,486,TRUE,4/23/2023 12:45,,,,,,anonymous,EN,1,Master Graduate,1-3 years,Python,"PyTorch, Keras, Tensorflow",No,Yes,No,Yes,Yes,Yes,Yes,No,Minor,Major,Minor,Minor,Minor,Major,Major,Minor,Low,High,Low,Low,Medium,Low,Medium,Low,Yes,No,No,No,No,No,Major,Minor,Minor,Minor,Minor,Minor,Medium,Low,Low,Low,Low,Low,Yes,No,No,No,Minor,Minor,Minor,Minor,Low,Low,Low,Low,No,No,No,Minor,Minor,Minor,Low,Low,Low,,
4/23/2023 13:38,4/23/2023 13:48,IP Address,100,590,TRUE,4/23/2023 13:48,,,,,,anonymous,EN,0.899999976,Developer,1-3 years,Python ,Tensorflow ,No,Yes,No,Yes,No,Yes,No,Yes,Minor,Critical,Minor,Critical,Minor,Minor,Minor,Minor,Low,High,Low,High,Low,Low,Low,Low,No,No,No,No,Yes,No,Minor,Minor,Minor,Minor,Major,Minor,Low,Low,Low,Low,High,Low,Yes,No,No,No,Minor,Minor,Minor,Minor,Low,Low,Low,Low,No,No,Yes,Minor,Minor,Minor,Low,Low,Low,,
4/23/2023 14:28,4/23/2023 14:35,IP Address,100,402,TRUE,4/23/2023 14:35,,,,,,anonymous,EN,1,Researcher,1-3 years,Python,"PyTorch, Keras ",No,Yes,Yes,Yes,Yes,Yes,Yes,Yes,Minor,Major,Critical,Critical,Critical,Major,Major,Major,Low,Medium,High,High,High,Medium,Medium,Medium,Yes,Yes,Yes,Yes,Yes,Yes,Major,Critical,Major,Minor,Minor,Major,Medium,High,Medium,Low,Low,Medium,Yes,No,Yes,No,Minor,Minor,Major,Minor,Low,Low,Medium,Low,No,Yes,Yes,Minor,Minor,Minor,Low,Low,Low,"The challenge related to Mujoco. Since DeepMind bought Mujoco and made it open source, there has been major challenges that requires high effort to design new projects with the open source Mujoco, especially when you start a new project and want to use some old codes (or old repositories) using older version of Mujoco. ",
4/23/2023 10:26,4/23/2023 14:39,IP Address,100,15177,TRUE,4/23/2023 14:39,,,,,,anonymous,EN,0.899999976,Machine Learning Engineer,1-3 years,Python,PyTorch,Yes,Yes,Yes,Yes,Yes,No,No,Yes,Minor,Major,Minor,Major,Minor,Minor,Minor,Major,Low,Medium,Low,Low,High,Low,Low,Low,Yes,Yes,Yes,Yes,Yes,No,Minor,Minor,Minor,Minor,Minor,Minor,Low,Low,Low,Low,Low,Low,Yes,Yes,Yes,Yes,Minor,Minor,Minor,Major,Low,High,High,High,No,No,Yes,Minor,Minor,Minor,Low,Low,Low,,
4/23/2023 17:09,4/23/2023 17:15,IP Address,100,403,TRUE,4/23/2023 17:15,,,,,,anonymous,EN,1,PhD candidate,more than 5 years,Python,Tensorflow,No,Yes,Yes,Yes,Yes,Yes,Yes,Yes,Minor,Critical,Minor,Major,Major,Major,Minor,Minor,Low,High,Low,Medium,Medium,Medium,Medium,Medium,Yes,Yes,No,Yes,Yes,Yes,Minor,Minor,Minor,Major,Major,Major,Low,Medium,Low,Medium,High,Low,No,Yes,Yes,Yes,Minor,Major,Major,Major,Low,Medium,High,High,Yes,No,No,Minor,Minor,Minor,Low,Low,Low,,
4/23/2023 18:30,4/23/2023 18:36,IP Address,100,401,TRUE,4/23/2023 18:36,,,,,,anonymous,EN,0.899999976,"researcher in the RoboFEI robotics team, graduate student",1-3 years,"Python, Makefile",Pytorch ,Yes,Yes,No,Yes,Yes,No,Yes,Yes,Minor,Critical,Minor,Minor,Major,Minor,Critical,Major,Medium,High,Low,Medium,Medium,Low,High,Low,No,No,No,No,No,Yes,Minor,Minor,Minor,Minor,Minor,Minor,Low,Low,Low,Low,Low,Medium,Yes,No,No,No,Critical,Minor,Minor,Minor,High,Low,Low,Low,Yes,Yes,Yes,Major,Major,Major,Low,Medium,Medium,,
4/23/2023 22:18,4/23/2023 22:28,IP Address,100,590,TRUE,4/23/2023 22:28,,,,,,anonymous,EN,1,Master,1-3 years,"Python, C++","Tensorflow, keras, PyTorch, ROS, Gazebo",No,Yes,Yes,Yes,Yes,Yes,Yes,Yes,Minor,Critical,Critical,Critical,Critical,Critical,Critical,Critical,Low,Low,Low,Low,Low,High,High,High,No,No,No,No,No,No,Minor,Minor,Minor,Minor,Minor,Minor,Low,Low,Low,Low,Low,Low,No,No,No,No,Minor,Minor,Minor,Minor,Low,Low,Low,Low,No,Yes,No,Critical,Critical,Critical,Low,High,Low,,
4/24/2023 0:16,4/24/2023 0:20,IP Address,100,199,TRUE,4/24/2023 0:20,,,,,,anonymous,EN,1,Professor,3-5 years,python,pytorch,No,Yes,No,Yes,No,Yes,No,No,Minor,Major,Minor,Critical,Minor,Critical,Minor,Minor,Low,High,Low,High,Low,High,Low,Low,No,Yes,No,No,No,No,Minor,Major,Minor,Minor,Minor,Minor,Low,Medium,Low,Low,Low,Low,Yes,No,No,No,Major,Minor,Minor,Minor,Medium,Low,Low,Low,Yes,Yes,No,Major,Critical,Critical,Medium,High,High,,
4/24/2023 6:34,4/24/2023 6:44,IP Address,100,577,TRUE,4/24/2023 6:44,,,,,,anonymous,EN,0.899999976,Researcher,3-5 years,python,PyTorch,Yes,Yes,Yes,Yes,Yes,Yes,Yes,Yes,Major,Major,Major,Critical,Critical,Major,Minor,Major,Medium,Medium,Medium,High,High,Medium,Low,Medium,Yes,Yes,Yes,Yes,Yes,Yes,Minor,Minor,Minor,Minor,Minor,Minor,Low,Low,Low,Low,Low,Low,Yes,Yes,Yes,Yes,Major,Major,Major,Major,Medium,Medium,Medium,Medium,Yes,Yes,Yes,Major,Critical,Major,Medium,High,Medium,I work with highly random data that is hard for agents to learn. Finding features is difficult,"the design of the state space took me a lot of time, when testing new methods and mixing them with some different methods "
4/24/2023 6:40,4/24/2023 6:48,IP Address,100,434,TRUE,4/24/2023 6:48,,,,,,anonymous,EN,1,PhD student,3-5 years,Python,"Keras, PyTorch, Jax",No,Yes,Yes,Yes,Yes,Yes,No,Yes,Minor,Major,Major,Major,Major,Critical,Minor,Major,Low,Medium,Medium,Medium,Medium,High,Low,Medium,Yes,Yes,No,No,No,Yes,Major,Major,Minor,Minor,Minor,Minor,High,Medium,Low,Low,Low,Low,No,Yes,Yes,No,Minor,Major,Major,Minor,Low,High,High,Low,Yes,No,Yes,Major,Minor,Critical,Medium,Low,High,,
4/24/2023 6:55,4/24/2023 7:03,IP Address,100,436,TRUE,4/24/2023 7:03,,,,,,anonymous,EN,1,Software Engineer,Less than 1 year,Python,PyTorch,No,No,No,No,Yes,Yes,No,No,Minor,Minor,Minor,Minor,Critical,Minor,Minor,Minor,Low,Low,Low,Low,High,Medium,Low,Low,No,No,No,No,No,No,Minor,Minor,Minor,Minor,Minor,Minor,Low,Low,Low,Low,Low,Low,No,No,No,No,Minor,Minor,Minor,Minor,Low,Low,Low,Low,Yes,No,No,Minor,Minor,Minor,Medium,Low,Low,,"I often answered with ""NO"" due to the lack of experience in DRL. I only did a few learning projects with it and took a few month part of at a project at work. Most problems where Hyperparameter-Tuning ... tried to solve it automatically with Ray-Tune or other Tools. Why do I write this comment? I hope you can better classify my answers with this background information."
4/24/2023 7:17,4/24/2023 7:21,IP Address,100,246,TRUE,4/24/2023 7:21,,,,,,anonymous,EN,0.899999976,PhD student,3-5 years,Python,"Tensorflow, keras, keras-rl",Yes,Yes,Yes,Yes,Yes,Yes,Yes,No,Major,Minor,Critical,Critical,Minor,Major,Minor,Minor,Medium,Low,High,High,Medium,High,Low,Low,Yes,Yes,No,No,No,Yes,Minor,Minor,Minor,Minor,Minor,Minor,Low,Low,Low,Low,Low,Low,No,No,No,No,Minor,Minor,Minor,Minor,Low,Low,Low,Low,Yes,No,No,Minor,Minor,Minor,Low,Low,Low,,
4/24/2023 8:27,4/24/2023 8:40,IP Address,100,793,TRUE,4/24/2023 8:40,,,,,,anonymous,EN,0.899999976,Data Scientist,1-3 years,Python,"PyTorch, Tensorflow",Yes,No,No,Yes,No,Yes,No,No,Major,Minor,Minor,Major,Minor,Critical,Minor,Minor,High,Medium,Medium,Medium,Low,High,Medium,Low,Yes,Yes,No,No,No,No,Critical,Major,Minor,Minor,Minor,Minor,High,Medium,Low,Low,Low,Low,No,No,No,No,Minor,Minor,Minor,Minor,Low,Low,Low,Low,No,No,Yes,Minor,Minor,Major,Low,Low,Medium,,
4/24/2023 8:40,4/24/2023 8:45,IP Address,100,292,TRUE,4/24/2023 8:45,,,,,,anonymous,EN,0.899999976,Reseach Associate,3-5 years,"C++, Python","Tensorflow, Keras, Pytorch",Yes,Yes,No,Yes,Yes,No,No,Yes,Major,Critical,Minor,Major,Major,Minor,Minor,Minor,Medium,High,Low,High,High,Low,Low,Low,Yes,Yes,Yes,Yes,Yes,No,Minor,Minor,Minor,Major,Major,Minor,Low,Low,Low,Medium,Medium,Low,Yes,No,No,No,Minor,Minor,Minor,Minor,Low,Low,Low,Low,No,No,Yes,Minor,Minor,Major,Low,Low,Medium,,
4/24/2023 9:11,4/24/2023 9:15,IP Address,100,250,TRUE,4/24/2023 9:15,,,,,,anonymous,EN,1,Postdoc Fellow,1-3 years,Python,PyTorch,Yes,Yes,Yes,No,Yes,No,No,No,Major,Minor,Minor,Minor,Critical,Minor,Minor,Minor,High,Medium,Low,Low,High,Low,Low,Low,No,No,No,No,Yes,No,Minor,Minor,Minor,Minor,Minor,Minor,Low,Low,Low,Low,Low,Low,Yes,No,No,No,Minor,Minor,Minor,Minor,Medium,Low,Low,Low,Yes,Yes,Yes,Major,Minor,Minor,Medium,Low,Low,,
4/24/2023 9:52,4/24/2023 9:56,IP Address,100,280,TRUE,4/24/2023 9:56,,,,,,anonymous,EN,0.899999976,Senior Data Scientist,more than 5 years,"Python
C++
","PyTorch, Tensorflow",Yes,No,No,Yes,No,No,Yes,Yes,Minor,Minor,Minor,Major,Minor,Minor,Major,Major,Low,Low,Low,High,Low,Low,Low,Low,No,No,No,Yes,No,No,Minor,Minor,Minor,Major,Minor,Minor,Low,Low,Low,Medium,Low,Low,No,Yes,Yes,Yes,Minor,Minor,Major,Major,Low,Low,High,High,Yes,Yes,Yes,Minor,Critical,Critical,Low,Medium,Medium,,
4/24/2023 11:22,4/24/2023 11:30,IP Address,100,429,TRUE,4/24/2023 11:30,,,,,,anonymous,EN,1,AI Scientist,3-5 years,Python,"PyTorch, some Tensorflow",Yes,Yes,No,Yes,Yes,No,No,Yes,Critical,Critical,Minor,Major,Major,Minor,Minor,Major,High,High,Low,High,Medium,Low,Low,Medium,No,No,Yes,Yes,No,No,Minor,Minor,Major,Major,Minor,Minor,Low,Low,High,Medium,Low,Low,No,No,No,No,Minor,Minor,Minor,Minor,Low,Low,Low,Low,No,Yes,No,Minor,Major,Minor,Low,Low,Low,Redesigning problems to fit the (PO)MDP formulation can often be a struggle when working with folks that are fairly rigid about how they view the problem. This is mostly only an issue with critical controls tasks.,rllib is the worst RL library for research
4/24/2023 11:14,4/24/2023 11:57,IP Address,100,2556,TRUE,4/24/2023 11:57,,,,,,anonymous,EN,1,Master student,3-5 years,"Python, Java","PyTorch, Tensorflow",Yes,Yes,Yes,Yes,Yes,Yes,Yes,Yes,Critical,Major,Minor,Major,Major,Critical,Major,Critical,High,Medium,Medium,Medium,High,High,Medium,High,Yes,Yes,Yes,Yes,Yes,Yes,Minor,Minor,Minor,Major,Minor,Minor,Low,Low,Medium,Low,Low,Low,Yes,Yes,Yes,Yes,Minor,Major,Critical,Critical,Low,Medium,High,High,Yes,Yes,Yes,Minor,Critical,Major,Low,Medium,Medium,"Industrial application, tendency ",
4/24/2023 23:34,4/24/2023 23:43,IP Address,100,559,TRUE,4/24/2023 23:43,,,,,,anonymous,EN,0.899999976,Machine learning engineer,3-5 years,"Python, C++","PyTorch, Tensorflow",No,No,No,Yes,No,No,Yes,No,Minor,Minor,Minor,Major,Minor,Major,Critical,Minor,Low,Low,Low,Medium,Low,Low,High,Low,Yes,No,No,No,Yes,No,Major,Minor,Minor,Minor,Critical,Minor,Medium,Low,Low,Low,Medium,Low,No,No,No,Yes,Minor,Minor,Minor,Major,Low,Low,Low,High,No,Yes,Yes,Minor,Major,Major,Low,Low,Medium,,
4/25/2023 4:49,4/25/2023 5:07,IP Address,100,1028,TRUE,4/25/2023 5:07,,,,,,anonymous,EN,1,PhD student,1-3 years,"Python, C++","PyTorch, TensorFlow",Yes,Yes,No,No,Yes,No,Yes,Yes,Major,Minor,Minor,Minor,Critical,Minor,Minor,Minor,Medium,Low,Low,Low,High,Low,Low,Low,Yes,Yes,Yes,Yes,Yes,Yes,Minor,Major,Minor,Major,Major,Minor,Low,Medium,Low,Medium,Medium,Low,No,Yes,No,No,Minor,Minor,Minor,Minor,Low,Low,Low,Low,No,No,Yes,Minor,Minor,Major,Low,Low,Medium,,
4/25/2023 4:55,4/25/2023 5:20,IP Address,100,1488,TRUE,4/25/2023 5:20,,,,,,anonymous,EN,1,AI Engineer,1-3 years,Python,"PyTorch, Tensorflow",No,Yes,No,Yes,Yes,Yes,Yes,No,Minor,Major,Minor,Major,Critical,Major,Major,Minor,Low,High,Low,Medium,High,High,Medium,Low,No,No,No,Yes,No,No,Minor,Minor,Minor,Minor,Minor,Minor,Low,Low,Low,Low,Low,Low,Yes,Yes,Yes,Yes,Major,Major,Major,Major,High,High,High,High,No,Yes,No,Minor,Major,Minor,Low,High,Low,,
4/25/2023 8:35,4/25/2023 8:38,IP Address,100,231,TRUE,4/25/2023 8:38,,,,,,anonymous,EN,1,PhD student,1-3 years,"Python
C++","Pytorch
Tensorflow
JAX",Yes,Yes,Yes,Yes,Yes,Yes,Yes,Yes,Major,Critical,Critical,Critical,Minor,Critical,Major,Critical,High,High,High,High,Medium,High,Medium,High,Yes,Yes,Yes,Yes,Yes,Yes,Major,Major,Critical,Critical,Critical,Major,Medium,Medium,Medium,Medium,High,Medium,Yes,Yes,Yes,Yes,Minor,Critical,Critical,Critical,Low,High,High,High,Yes,Yes,Yes,Minor,Critical,Major,Low,Medium,Medium,,
4/25/2023 10:21,4/25/2023 10:27,IP Address,100,416,TRUE,4/25/2023 10:28,,,,,,anonymous,EN,1,Researcher ,Less than 1 year,Python ,"Tensorflow, Keras, pytorch.",No,Yes,Yes,Yes,Yes,Yes,No,Yes,Minor,Minor,Minor,Major,Critical,Major,Minor,Minor,Low,Medium,Low,Medium,High,High,Low,Low,No,Yes,No,Yes,No,Yes,Minor,Minor,Minor,Minor,Minor,Major,Low,Low,Low,Medium,Low,Medium,Yes,No,No,No,Minor,Minor,Minor,Minor,Low,Low,Low,Low,No,No,No,Minor,Minor,Minor,Low,Low,Low,"Maybe is mentioned, but I want to add the problem of when is better to use off policy vs on policy algorithms",
4/25/2023 13:25,4/25/2023 13:32,IP Address,100,442,TRUE,4/25/2023 13:32,,,,,,anonymous,EN,1,Machine Learning Engineer,Less than 1 year,Python,"PyTorch, Gym",Yes,Yes,No,Yes,No,Yes,Yes,No,Critical,Major,Minor,Critical,Minor,Major,Major,Minor,High,High,Low,High,Low,High,High,Low,No,No,No,No,No,Yes,Minor,Minor,Minor,Minor,Minor,Critical,Low,Low,Low,Low,Low,High,No,No,No,No,Minor,Minor,Minor,Minor,Low,Low,Low,Low,No,No,No,Minor,Minor,Minor,Low,Low,Low,,
4/26/2023 21:11,4/26/2023 21:20,IP Address,100,524,TRUE,4/26/2023 21:20,,,,,,anonymous,EN,1,Machine learning engineer ,Less than 1 year,Python,"Tensorflow, keras, PyTorch",No,Yes,No,Yes,Yes,Yes,Yes,No,Minor,Major,Minor,Critical,Minor,Critical,Major,Major,Low,Medium,Low,High,Medium,High,High,Medium,No,No,No,Yes,No,Yes,Minor,Minor,Minor,Major,Minor,Minor,Low,Low,Low,Low,Low,Low,No,Yes,Yes,Yes,Minor,Major,Major,Critical,Low,High,High,High,Yes,Yes,Yes,Minor,Major,Major,Medium,Medium,Medium,,Best wishes for your research
4/27/2023 1:29,4/27/2023 1:36,IP Address,100,370,TRUE,4/27/2023 1:36,,,,,,anonymous,EN,1,ML Engineer,3-5 years,Python,PyTorch,No,Yes,Yes,Yes,Yes,Yes,Yes,Yes,Minor,Critical,Major,Major,Critical,Minor,Major,Minor,Low,High,Medium,Medium,High,Low,Low,Medium,No,No,No,Yes,Yes,Yes,Minor,Minor,Minor,Minor,Minor,Minor,Low,Low,Low,Low,Medium,Medium,Yes,Yes,Yes,No,Major,Minor,Minor,Minor,Medium,Low,Medium,Low,No,No,No,Minor,Minor,Minor,Low,Low,Low,,
4/27/2023 4:46,4/27/2023 4:49,IP Address,100,180,TRUE,4/27/2023 4:49,,,,,,anonymous,EN,0.899999976,Data Engineer,Less than 1 year,Pyhton,PyTorch,No,Yes,No,No,Yes,Yes,No,No,Minor,Major,Minor,Minor,Critical,Major,Minor,Minor,Low,Medium,Low,Low,High,High,Low,Low,No,No,No,No,No,No,Minor,Minor,Minor,Minor,Minor,Minor,Low,Low,Low,Low,Low,Low,No,No,No,No,Minor,Minor,Minor,Minor,Low,Low,Low,Low,Yes,No,No,Minor,Minor,Minor,Medium,Low,Low,,
4/27/2023 11:56,4/27/2023 12:04,IP Address,100,502,TRUE,4/27/2023 12:04,,,,,,anonymous,EN,0.800000012,Machine Learning Engineer,more than 5 years,Python and Cython,"Tensorflow, Keras, Keras-RL, Baselines, StableBaselines, TRFL",No,Yes,Yes,No,Yes,No,No,No,Minor,Critical,Major,Minor,Critical,Minor,Minor,Minor,Low,High,High,Low,High,Medium,Low,Low,Yes,Yes,Yes,No,No,Yes,Minor,Major,Minor,Minor,Minor,Minor,Medium,High,Medium,Low,Low,Medium,Yes,No,Yes,No,Critical,Minor,Critical,Minor,High,Low,Medium,Low,Yes,Yes,Yes,Major,Critical,Minor,Medium,Medium,Low,"Reward function drift, unstable learning due to shifts in data distributions, and more costly (time and expenses) to train a DRL agent compared to supervised learning.",Model interpretability may require domain expertise.
4/21/2023 11:30,4/21/2023 11:31,IP Address,46,39,FALSE,4/28/2023 11:42,,,,,,anonymous,EN,0.800000012,Senior Data Scientist,1-3 years,"Python, Rust","PyTorch, Jax",,,,,,,,,,,,,,,,,,,,,,,,,,,,,,,,,,,,,,,,,,,,,,,,,,,,,,,,,,,,,,,,,
4/21/2023 11:39,4/21/2023 11:42,IP Address,46,201,FALSE,4/28/2023 11:42,,,,,,anonymous,EN,1,Researcher,3-5 years,Python,PyTorch,,,,,,,,,,,,,,,,,,,,,,,,,,,,,,,,,,,,,,,,,,,,,,,,,,,,,,,,,,,,,,,,,
4/21/2023 11:50,4/21/2023 11:51,IP Address,46,32,FALSE,4/28/2023 11:51,,,,,,anonymous,EN,1,Researcher,1-3 years,Python,PyTorch,,,,,,,,,,,,,,,,,,,,,,,,,,,,,,,,,,,,,,,,,,,,,,,,,,,,,,,,,,,,,,,,,
4/21/2023 11:51,4/21/2023 11:51,IP Address,46,46,FALSE,4/28/2023 11:59,,,,,,anonymous,EN,1,Research Associate,Less than 1 year,"python, c#","Tensorflow, keras",,,,,,,,,,,,,,,,,,,,,,,,,,,,,,,,,,,,,,,,,,,,,,,,,,,,,,,,,,,,,,,,,
4/21/2023 18:14,4/21/2023 18:16,IP Address,46,103,FALSE,4/28/2023 18:16,,,,,,anonymous,EN,1,Developer,1-3 years,"Java, c/c++,python,scala","Tensorflow,kereas,pytorch",,,,,,,,,,,,,,,,,,,,,,,,,,,,,,,,,,,,,,,,,,,,,,,,,,,,,,,,,,,,,,,,,
4/22/2023 4:57,4/22/2023 4:58,IP Address,46,94,FALSE,4/29/2023 4:58,,,,,,anonymous,EN,,Developer,1-3 years,python,TensorflowkerasPyTorch,,,,,,,,,,,,,,,,,,,,,,,,,,,,,,,,,,,,,,,,,,,,,,,,,,,,,,,,,,,,,,,,,
4/22/2023 13:52,4/22/2023 13:53,IP Address,46,43,FALSE,4/29/2023 13:53,,,,,,anonymous,EN,1,PhD Student,3-5 years,Python,"PyTorch, Tensorflow",,,,,,,,,,,,,,,,,,,,,,,,,,,,,,,,,,,,,,,,,,,,,,,,,,,,,,,,,,,,,,,,,
4/22/2023 17:27,4/22/2023 17:29,IP Address,46,107,FALSE,4/29/2023 17:29,,,,,,anonymous,EN,0.899999976,Product owner,1-3 years,Python,"Tensorflow, keras",,,,,,,,,,,,,,,,,,,,,,,,,,,,,,,,,,,,,,,,,,,,,,,,,,,,,,,,,,,,,,,,,
4/22/2023 18:02,4/22/2023 18:05,IP Address,46,203,FALSE,4/29/2023 18:05,,,,,,anonymous,EN,0.899999976,PhD student,more than 5 years,Python,"Jax, PyTorch",,,,,,,,,,,,,,,,,,,,,,,,,,,,,,,,,,,,,,,,,,,,,,,,,,,,,,,,,,,,,,,,,
4/22/2023 19:05,4/22/2023 19:06,IP Address,46,47,FALSE,4/29/2023 19:06,,,,,,anonymous,EN,0.899999976,PhD student,3-5 years,Python,Pytorch,,,,,,,,,,,,,,,,,,,,,,,,,,,,,,,,,,,,,,,,,,,,,,,,,,,,,,,,,,,,,,,,,
4/22/2023 19:05,4/22/2023 19:18,IP Address,46,820,FALSE,4/29/2023 19:18,,,,,,anonymous,EN,1,Master of Science in Machine Learning graduate student,Less than 1 year,Python,"Tensorflow, keras, PyTorch",,,,,,,,,,,,,,,,,,,,,,,,,,,,,,,,,,,,,,,,,,,,,,,,,,,,,,,,,,,,,,,,,
4/22/2023 19:31,4/22/2023 19:32,IP Address,46,37,FALSE,4/29/2023 19:32,,,,,,anonymous,EN,1,Bachelor Student,Less than 1 year,Python,"Tensorflow, keras, spacy",,,,,,,,,,,,,,,,,,,,,,,,,,,,,,,,,,,,,,,,,,,,,,,,,,,,,,,,,,,,,,,,,
4/22/2023 19:34,4/22/2023 19:35,IP Address,46,41,FALSE,4/29/2023 19:35,,,,,,anonymous,EN,1,Researcher,3-5 years,Python,"Tensorflow, PyTorch",,,,,,,,,,,,,,,,,,,,,,,,,,,,,,,,,,,,,,,,,,,,,,,,,,,,,,,,,,,,,,,,,
4/22/2023 21:16,4/22/2023 21:17,IP Address,46,46,FALSE,4/29/2023 21:17,,,,,,anonymous,EN,0.899999976,Associate Professor,more than 5 years,"C/C++, Python",PyTorch,,,,,,,,,,,,,,,,,,,,,,,,,,,,,,,,,,,,,,,,,,,,,,,,,,,,,,,,,,,,,,,,,
4/22/2023 21:51,4/22/2023 21:57,IP Address,46,354,FALSE,4/29/2023 21:57,,,,,,anonymous,EN,0.400000006,Phd student,more than 5 years,Python,"Tensorflow, PyTorch",,,,,,,,,,,,,,,,,,,,,,,,,,,,,,,,,,,,,,,,,,,,,,,,,,,,,,,,,,,,,,,,,
4/22/2023 22:40,4/22/2023 22:41,IP Address,46,107,FALSE,4/29/2023 22:41,,,,,,anonymous,EN,0.699999988,Master,1-3 years,"Python, C++","Tensorflow, keras, PyTorch",,,,,,,,,,,,,,,,,,,,,,,,,,,,,,,,,,,,,,,,,,,,,,,,,,,,,,,,,,,,,,,,,
4/22/2023 23:48,4/23/2023 0:00,IP Address,46,734,FALSE,4/30/2023 0:00,,,,,,anonymous,EN,1,Master's Student - Research Assistant ,Less than 1 year,Python,"PyTorch, stable baselines 3, OpenAI gym, Open AI baselines, tf agents",,,,,,,,,,,,,,,,,,,,,,,,,,,,,,,,,,,,,,,,,,,,,,,,,,,,,,,,,,,,,,,,,
4/23/2023 2:31,4/23/2023 2:31,IP Address,46,45,FALSE,4/30/2023 2:32,,,,,,anonymous,EN,0.899999976,Researcher,more than 5 years,"Python, C#","PyTorch, Unity ML-Agents",,,,,,,,,,,,,,,,,,,,,,,,,,,,,,,,,,,,,,,,,,,,,,,,,,,,,,,,,,,,,,,,,
4/23/2023 2:32,4/23/2023 2:32,IP Address,46,30,FALSE,4/30/2023 2:32,,,,,,anonymous,EN,1,Bachelor,1-3 years,Python,"Keras, PyTorch",,,,,,,,,,,,,,,,,,,,,,,,,,,,,,,,,,,,,,,,,,,,,,,,,,,,,,,,,,,,,,,,,
4/23/2023 2:56,4/23/2023 2:57,IP Address,46,55,FALSE,4/30/2023 2:57,,,,,,anonymous,EN,0.899999976,Research Associate,1-3 years,Python,"PyTorch, PyTorch-RL",,,,,,,,,,,,,,,,,,,,,,,,,,,,,,,,,,,,,,,,,,,,,,,,,,,,,,,,,,,,,,,,,
4/23/2023 5:05,4/23/2023 5:05,IP Address,46,37,FALSE,4/30/2023 5:05,,,,,,anonymous,EN,1,Data Scientist,3-5 years,Python,"Tensorflow, keras, PyTorch",,,,,,,,,,,,,,,,,,,,,,,,,,,,,,,,,,,,,,,,,,,,,,,,,,,,,,,,,,,,,,,,,
4/23/2023 5:49,4/23/2023 5:50,IP Address,46,62,FALSE,4/30/2023 5:50,,,,,,anonymous,EN,1,Master,1-3 years,Python,"Tensorflow, keras, pytorch, stable-baselines 3, clean-rl",,,,,,,,,,,,,,,,,,,,,,,,,,,,,,,,,,,,,,,,,,,,,,,,,,,,,,,,,,,,,,,,,
4/23/2023 8:27,4/23/2023 8:28,IP Address,46,78,FALSE,4/30/2023 8:28,,,,,,anonymous,EN,1,Phd,3-5 years,Python ,"Pytorch, Tensorflow, Keras ",,,,,,,,,,,,,,,,,,,,,,,,,,,,,,,,,,,,,,,,,,,,,,,,,,,,,,,,,,,,,,,,,
4/30/2023 8:42,4/30/2023 8:45,IP Address,100,166,TRUE,4/30/2023 8:45,,,,,,anonymous,EN,,Student,3-5 years,python,pytorch,Yes,Yes,No,Yes,Yes,No,No,No,Major,Critical,Critical,Critical,Major,Minor,Major,Critical,Medium,High,Medium,High,High,Medium,Medium,High,No,No,No,No,Yes,Yes,Minor,Minor,Minor,Minor,Critical,Critical,Low,Low,Low,High,High,High,Yes,Yes,Yes,Yes,Critical,Critical,Critical,Critical,High,High,High,High,Yes,Yes,No,Critical,Critical,Critical,High,High,High,,
4/23/2023 9:08,4/23/2023 9:09,IP Address,46,47,FALSE,4/30/2023 9:09,,,,,,anonymous,EN,1,iOS Developer ,1-3 years,Java Swift python ,Tensorflow keras,,,,,,,,,,,,,,,,,,,,,,,,,,,,,,,,,,,,,,,,,,,,,,,,,,,,,,,,,,,,,,,,,
4/23/2023 9:57,4/23/2023 9:58,IP Address,46,50,FALSE,4/30/2023 9:58,,,,,,anonymous,EN,1,Manager,more than 5 years,Python,"Tensorflow, keras, PyTorch, Keras-rl, Python-rl",,,,,,,,,,,,,,,,,,,,,,,,,,,,,,,,,,,,,,,,,,,,,,,,,,,,,,,,,,,,,,,,,
4/23/2023 10:11,4/23/2023 10:28,IP Address,46,1016,FALSE,4/30/2023 10:28,,,,,,anonymous,EN,0.800000012,PhD student,1-3 years,Python,PyTorch,,,,,,,,,,,,,,,,,,,,,,,,,,,,,,,,,,,,,,,,,,,,,,,,,,,,,,,,,,,,,,,,,
4/23/2023 11:07,4/23/2023 11:18,IP Address,46,656,FALSE,4/30/2023 11:18,,,,,,anonymous,EN,0.899999976,undergraduate,Less than 1 year,Python,Gym,,,,,,,,,,,,,,,,,,,,,,,,,,,,,,,,,,,,,,,,,,,,,,,,,,,,,,,,,,,,,,,,,
4/23/2023 13:23,4/23/2023 13:24,IP Address,46,70,FALSE,4/30/2023 13:24,,,,,,anonymous,EN,0.899999976,Phd student,1-3 years,Python,PyTorch,,,,,,,,,,,,,,,,,,,,,,,,,,,,,,,,,,,,,,,,,,,,,,,,,,,,,,,,,,,,,,,,,
4/23/2023 14:35,4/23/2023 14:36,IP Address,46,57,FALSE,4/30/2023 14:36,,,,,,anonymous,EN,1,Machine Learning Engineer,Less than 1 year,Python,Pytorch,,,,,,,,,,,,,,,,,,,,,,,,,,,,,,,,,,,,,,,,,,,,,,,,,,,,,,,,,,,,,,,,,
4/23/2023 22:09,4/23/2023 22:11,IP Address,46,167,FALSE,4/30/2023 22:11,,,,,,anonymous,EN,0.899999976,PhD student,3-5 years,Python,"PyTorch, Jax",,,,,,,,,,,,,,,,,,,,,,,,,,,,,,,,,,,,,,,,,,,,,,,,,,,,,,,,,,,,,,,,,
4/24/2023 1:13,4/24/2023 1:15,IP Address,46,102,FALSE,5/1/2023 1:15,,,,,,anonymous,EN,0.899999976,Research engineer,3-5 years,Python,"Tensorflow, PyTorch",,,,,,,,,,,,,,,,,,,,,,,,,,,,,,,,,,,,,,,,,,,,,,,,,,,,,,,,,,,,,,,,,
4/24/2023 3:06,4/24/2023 3:07,IP Address,46,59,FALSE,5/1/2023 3:07,,,,,,anonymous,EN,0.899999976,Product Manager,Less than 1 year,Python,PyTorch + OpenAI Gym library,,,,,,,,,,,,,,,,,,,,,,,,,,,,,,,,,,,,,,,,,,,,,,,,,,,,,,,,,,,,,,,,,
5/1/2023 4:26,5/1/2023 4:42,IP Address,100,981,TRUE,5/1/2023 4:42,,,,,,anonymous,EN,1,Researcher,more than 5 years,"Python
C#
C++","Tensorflow
Keras
PyTorch
Tensorforce
RLLib
CleanRL
Others...",Yes,Yes,Yes,Yes,Yes,Yes,Yes,Yes,Critical,Critical,Major,Major,Minor,Critical,Major,Critical,High,High,Medium,Medium,Medium,High,Medium,High,Yes,Yes,Yes,Yes,Yes,Yes,Minor,Critical,Major,Critical,Minor,Minor,Medium,Low,Low,High,High,Medium,Yes,Yes,Yes,Yes,Minor,Minor,Minor,Minor,Low,Medium,High,High,Yes,Yes,Yes,Critical,Minor,Minor,High,Medium,Medium,"Another very important challenge is to adapt an existing environment/game for a DRL framework: if the environment is not created with the intention of using it for DRL, adapting it to this framework (e.g. make the env asking for a request, wait until the net has a response, batch observations in case of multi-agent env, etc..) is a very critical challenge, that requires a very high level of effort and knowledge to solve.",
4/24/2023 5:26,4/24/2023 5:27,IP Address,46,74,FALSE,5/1/2023 5:27,,,,,,anonymous,EN,0.400000006,Software Engineer,1-3 years,"C/C++, Pythn","PyTorch, Tensorflow and keras",,,,,,,,,,,,,,,,,,,,,,,,,,,,,,,,,,,,,,,,,,,,,,,,,,,,,,,,,,,,,,,,,
4/24/2023 5:43,4/24/2023 5:48,IP Address,46,310,FALSE,5/1/2023 5:48,,,,,,anonymous,EN,0.899999976,Researcher,1-3 years,"C/C++, Python",PyTorch,,,,,,,,,,,,,,,,,,,,,,,,,,,,,,,,,,,,,,,,,,,,,,,,,,,,,,,,,,,,,,,,,
4/25/2023 4:55,4/25/2023 4:55,IP Address,46,26,FALSE,5/2/2023 4:55,,,,,,anonymous,EN,1,PhD student,3-5 years,Python,PyTorch,,,,,,,,,,,,,,,,,,,,,,,,,,,,,,,,,,,,,,,,,,,,,,,,,,,,,,,,,,,,,,,,,
4/26/2023 16:33,4/26/2023 16:35,IP Address,46,115,FALSE,5/3/2023 16:35,,,,,,anonymous,EN,0.899999976,Research Engineer,1-3 years,Python,PyTorch,,,,,,,,,,,,,,,,,,,,,,,,,,,,,,,,,,,,,,,,,,,,,,,,,,,,,,,,,,,,,,,,,
5/14/2023 23:22,5/14/2023 23:26,IP Address,100,244,TRUE,5/14/2023 23:26,,,,,,anonymous,EN,0.899999976,Data Scientist,1-3 years,Python,"PyTroch, TesnorFlow",No,Yes,No,No,No,Yes,Yes,No,Minor,Minor,Minor,Minor,Minor,Minor,Major,Minor,Low,Low,Low,Low,Low,Medium,Medium,Low,No,Yes,Yes,Yes,Yes,No,Minor,Minor,Minor,Minor,Minor,Minor,Low,Low,Low,Low,Low,Low,Yes,Yes,Yes,Yes,Major,Major,Major,Major,Low,Medium,Medium,High,No,No,No,Minor,Minor,Minor,Low,Low,Low,,
5/15/2023 5:38,5/15/2023 5:43,IP Address,100,246,TRUE,5/15/2023 5:43,,,,,,anonymous,EN,0.899999976,Research Assistant,1-3 years,Python,"PyTorch, Tianshou, Stable-baselines 3",Yes,Yes,No,Yes,Yes,Yes,No,Yes,Minor,Minor,Minor,Minor,Critical,Major,Minor,Minor,Medium,Low,Low,Low,High,Medium,Low,Low,Yes,Yes,Yes,No,Yes,No,Minor,Minor,Minor,Minor,Minor,Minor,Low,Low,Low,Low,Low,Low,Yes,No,No,No,Minor,Minor,Minor,Minor,Low,Low,Low,Low,No,Yes,Yes,Minor,Minor,Minor,Low,Low,Low,,
5/8/2023 18:10,5/8/2023 18:13,IP Address,46,169,FALSE,5/15/2023 18:13,,,,,,anonymous,EN,0.899999976,Researcher,Less than 1 year,Python,Pytorch,,,,,,,,,,,,,,,,,,,,,,,,,,,,,,,,,,,,,,,,,,,,,,,,,,,,,,,,,,,,,,,,,
5/11/2023 6:38,5/11/2023 6:38,IP Address,46,35,FALSE,5/18/2023 6:38,,,,,,anonymous,EN,0.800000012,Software developer,1-3 years,Python,Pytorch,,,,,,,,,,,,,,,,,,,,,,,,,,,,,,,,,,,,,,,,,,,,,,,,,,,,,,,,,,,,,,,,,
5/15/2023 11:05,5/15/2023 11:05,IP Address,46,37,FALSE,5/22/2023 11:05,,,,,,anonymous,EN,0.899999976,Developer,1-3 years,Python,Tensorflow,,,,,,,,,,,,,,,,,,,,,,,,,,,,,,,,,,,,,,,,,,,,,,,,,,,,,,,,,,,,,,,,,
5/23/2023 4:33,5/23/2023 4:40,IP Address,100,390,TRUE,5/23/2023 4:40,,,,,,anonymous,EN,0.899999976,Developer,more than 5 years,Python,"Tensorflow, keras",No,Yes,Yes,Yes,No,Yes,Yes,Yes,Minor,Critical,Critical,Major,Minor,Critical,Major,Minor,Low,High,High,High,Low,High,High,Medium,Yes,No,No,Yes,No,No,Major,Minor,Minor,Major,Minor,Minor,Medium,Low,Low,Medium,Low,Low,Yes,No,No,No,Critical,Minor,Major,Critical,High,Low,High,High,No,No,Yes,Minor,Minor,Critical,Low,Low,High,"Train in simulation, and deploy in the real world enviroment",
